{"cameraMode":{"drawMode":0,"name":"Shaded","section":"Shading Mode"},"sceneLighting":true,"audioPlay":false,"sceneViewState":{"showFog":true,"showMaterialUpdate":false,"showSkybox":true,"showFlares":true,"showImageEffects":true,"showParticleSystems":true},"in2DMode":false,"pivot":{"x":8.500228881835938,"y":5.666613578796387,"z":8.424766540527344},"rotation":{"x":0.08700043708086014,"y":-0.7629163861274719,"z":0.10503203421831131,"w":0.6319625973701477},"size":3.603203296661377,"orthographic":false}